{"cameraMode":{"drawMode":0,"name":"Shaded","section":"Shading Mode"},"sceneLighting":true,"audioPlay":false,"sceneViewState":{"m_AlwaysRefresh":false,"showFog":true,"showSkybox":true,"showFlares":true,"showImageEffects":true,"showParticleSystems":true,"showVisualEffectGraphs":true,"m_FxEnabled":true},"in2DMode":false,"pivot":{"x":-1.1897902488708497,"y":1.9538993835449219,"z":-1.6687020063400269},"rotation":{"x":-0.16531263291835786,"y":0.7449566125869751,"z":-0.2004152238368988,"w":-0.6144607663154602},"size":3.1649749279022219,"orthographic":false}